#{"t_start": 1711472040.698979, "env_id": "LunarLander-v2"}
r,l,t
286.89077,288,0.850328
-115.956367,202,1.415486
255.640675,293,2.226189
276.342277,392,3.309013
280.278796,185,3.818387
240.529332,250,4.500358
-106.711646,199,5.054067
251.415815,255,5.774
-241.745591,226,6.410627
262.744584,328,7.305301
