#{"t_start": 1711414986.4780295, "env_id": "LunarLander-v2"}
r,l,t
294.669095,218,0.664063
184.216504,423,1.878641
288.948281,264,2.622586
209.948392,479,3.97897
264.997505,252,4.683844
236.24114,370,5.730835
266.814311,276,6.528181
253.946243,251,7.244752
196.523374,795,9.48411
228.80049,413,10.66362
