#{"t_start": 1711148508.324248, "env_id": "LunarLander-v2"}
r,l,t
240.969869,426,18.429945
205.321723,429,21.636533
218.1215,424,23.899589
211.098382,416,26.146322
238.050325,379,28.139851
254.777247,385,30.21726
236.075547,410,33.159085
199.672031,408,35.917766
218.62227,383,38.462746
199.389066,438,40.812788
