#{"t_start": 1711247121.3621933, "env_id": "LunarLander-v2"}
r,l,t
266.450794,183,4.095558
261.588522,191,4.915553
286.913324,174,5.596639
296.609865,217,6.391266
295.848961,175,6.914046
308.180273,209,7.528453
272.668563,175,8.098453
300.346073,165,8.593686
285.289504,170,9.095037
300.487835,217,9.739625
