#{"t_start": 1711669738.081263, "env_id": "LunarLander-v2"}
r,l,t
246.314048,538,11.572022
159.120126,1000,14.24545
235.072073,246,14.905616
222.900397,218,15.493507
257.544506,283,16.239243
245.677402,266,16.960552
228.082257,271,17.68255
266.168995,199,18.212871
300.168365,201,18.747067
310.08171,234,19.362629
