#{"t_start": 1711151973.6875134, "env_id": "LunarLander-v2"}
r,l,t
242.354447,502,5.671814
124.136258,1000,11.639196
209.138255,506,15.536964
202.682146,375,17.500207
220.74759,352,19.742228
253.458073,315,21.555374
269.65698,371,23.89044
235.738832,301,26.287501
261.823444,317,29.024385
275.034558,310,30.939691
