#{"t_start": 1711345623.353747, "env_id": "LunarLander-v2"}
r,l,t
-7.984626,82,0.270956
-58.529701,83,0.505865
-48.952335,112,0.818658
-27.795798,75,1.029254
-46.56584,99,1.301265
-40.240149,98,1.568202
-117.153756,98,1.837651
-33.437021,100,2.119052
-17.382786,93,2.381956
-20.197375,98,2.651231
