#{"t_start": 1711237570.2253764, "env_id": "LunarLander-v2"}
r,l,t
247.486563,259,4.730588
234.996616,315,5.612412
124.496808,1000,8.360177
226.784001,310,9.230685
281.043012,247,9.92285
263.600341,236,10.590836
247.644616,266,11.345366
268.614742,311,12.227146
272.225054,255,12.940858
-13.293658,207,13.53186
