#{"t_start": 1711309549.0461574, "env_id": "LunarLander-v2"}
r,l,t
293.014591,198,6.169745
306.052234,180,6.680447
271.840271,224,7.312431
244.564335,174,7.803868
286.020249,165,8.263832
301.213007,180,8.770441
280.602302,203,9.344439
263.883462,216,9.953163
235.109505,198,10.515086
295.731417,211,11.109235
