Agent,Mean Reward,Std Reward
PPO,287.43837139999994,15.012367302568675
A2C,277.8031373,22.651884249193934
DQN_2e5,128.9558814,116.66006774587267
DQN_3e6,232.9583598, 45.38257482693998
