Agent,Mean Reward,Std Reward
PPO,287.43837139999994,15.012367302568675
A2C,277.8031373,22.651884249193934
DQN,247.11298789999995, 40.11324699409995

